{"actions":[],"apps":[{"acl":{"app":[],"field":[],"record":[]},"app":null,"category":{"categories":[],"useCategory":"false"},"form":{"layout":"[{\"id\":null,\"type\":\"ROW\",\"isSubTable\":false,\"var\":null,\"controlList\":[{\"isVirtical\":true,\"styleMap\":{\"width\":118,\"height\":57},\"innerComponentSize\":{\"width\":103,\"height\":26},\"type\":\"SINGLE_LINE_TEXT\",\"var\":\"\\u6587\\u5b57\\u5217__1\\u884c_\",\"label\":\"\\u793e\\u54e1\\u756a\\u53f7\"},{\"isVirtical\":true,\"styleMap\":{\"width\":193,\"height\":57},\"innerComponentSize\":{\"width\":178,\"height\":26},\"type\":\"SINGLE_LINE_TEXT\",\"var\":\"\\u6587\\u5b57\\u5217__1\\u884c__1\",\"label\":\"\\u6c0f\\u540d\"},{\"isVirtical\":true,\"styleMap\":{\"width\":193,\"height\":57},\"innerComponentSize\":{\"width\":178,\"height\":26},\"type\":\"SINGLE_LINE_TEXT\",\"var\":\"\\u6587\\u5b57\\u5217__1\\u884c__2\",\"label\":\"\\u3075\\u308a\\u304c\\u306a\"}]},{\"id\":null,\"type\":\"ROW\",\"isSubTable\":false,\"var\":null,\"controlList\":[{\"isVirtical\":true,\"styleMap\":{\"width\":87,\"height\":50},\"innerComponentSize\":{\"width\":72,\"height\":19},\"type\":\"SINGLE_CHECK\",\"var\":\"\\u30e9\\u30b8\\u30aa\\u30dc\\u30bf\\u30f3\",\"label\":\"\\u6027\\u5225\",\"align\":\"horizontal\"},{\"isVirtical\":true,\"styleMap\":{\"width\":117,\"height\":56},\"innerComponentSize\":{\"width\":102,\"height\":25},\"type\":\"DATE\",\"var\":\"BirthDay\",\"label\":\"\\u751f\\u5e74\\u6708\\u65e5\"},{\"styleMap\":{\"width\":109,\"height\":66},\"innerComponentSize\":{\"width\":94,\"height\":58},\"elementId\":\"BirthDay\",\"type\":\"SPACER\"},{\"isVirtical\":true,\"styleMap\":{\"width\":117,\"height\":56},\"innerComponentSize\":{\"width\":102,\"height\":25},\"type\":\"DATE\",\"var\":\"JoiningDate\",\"label\":\"\\u5165\\u793e\\u5e74\\u6708\\u65e5\"},{\"styleMap\":{\"width\":115,\"height\":66},\"innerComponentSize\":{\"width\":102,\"height\":52},\"elementId\":\"JoiningDate\",\"type\":\"SPACER\"}]},{\"id\":null,\"type\":\"ROW\",\"isSubTable\":false,\"var\":null,\"controlList\":[{\"isVirtical\":true,\"styleMap\":{\"width\":117,\"height\":57},\"innerComponentSize\":{\"width\":102,\"height\":26},\"type\":\"SINGLE_LINE_TEXT\",\"var\":\"\\u6587\\u5b57\\u5217__1\\u884c__3\",\"label\":\"\\u90f5\\u4fbf\\u756a\\u53f7\"},{\"isVirtical\":true,\"styleMap\":{\"width\":387,\"height\":57},\"innerComponentSize\":{\"width\":372,\"height\":26},\"type\":\"SINGLE_LINE_TEXT\",\"var\":\"\\u6587\\u5b57\\u5217__1\\u884c__4\",\"label\":\"\\u4f4f\\u6240\"}]},{\"id\":null,\"type\":\"ROW\",\"isSubTable\":false,\"var\":null,\"controlList\":[{\"isVirtical\":true,\"styleMap\":{\"width\":193,\"height\":57},\"innerComponentSize\":{\"width\":178,\"height\":26},\"type\":\"LINK\",\"var\":\"\\u30ea\\u30f3\\u30af\",\"label\":\"TEL\"},{\"isVirtical\":true,\"styleMap\":{\"width\":193,\"height\":57},\"innerComponentSize\":{\"width\":178,\"height\":26},\"type\":\"LINK\",\"var\":\"\\u30ea\\u30f3\\u30af_0\",\"label\":\"\\u30e1\\u30fc\\u30eb\\u30a2\\u30c9\\u30ec\\u30b9\"}]},{\"id\":null,\"type\":\"ROW\",\"isSubTable\":false,\"var\":null,\"controlList\":[{\"styleMap\":{\"width\":555,\"height\":29},\"innerComponentSize\":{\"width\":539,\"height\":11},\"type\":\"HR\"}]},{\"id\":null,\"type\":\"ROW\",\"isSubTable\":false,\"var\":null,\"controlList\":[{\"label\":\"\u003Cfont color=\\\"#e69138\\\" size=\\\"4\\\"\u003E\\u914d\\u5c5e\\u30fb\\u7570\\u52d5\\u306e\\u8a18\\u9332\u003C/font\u003E\",\"styleMap\":{\"width\":179,\"height\":41},\"innerComponentSize\":{\"width\":150,\"height\":34},\"type\":\"LABEL\"}]},{\"id\":\"2245\",\"type\":\"SUBTABLE\",\"isSubTable\":true,\"var\":\"\\u914d\\u5c5e\\u30fb\\u7570\\u52d5\",\"controlList\":[{\"isVirtical\":true,\"styleMap\":{\"width\":112,\"height\":55},\"innerComponentSize\":{\"width\":102,\"height\":25},\"type\":\"DATE\",\"var\":\"\\u65e5\\u4ed8_1\",\"label\":\"\\u65e5\\u4ed8\"},{\"isVirtical\":true,\"styleMap\":{\"width\":387,\"height\":56},\"innerComponentSize\":{\"width\":386,\"height\":26},\"type\":\"SINGLE_LINE_TEXT\",\"var\":\"\\u6587\\u5b57\\u5217__1\\u884c__7\",\"label\":\"\\u914d\\u5c5e\\u30fb\\u7570\\u52d5\\u5185\\u5bb9\"}]}]","revision":null},"iconMeta":null,"info":{"code":null,"decimalPrecision":"16","decimalScale":"4","description":"\u003Cdiv\u003E社員情報を一元管理するアプリです。\u003C/div\u003E \u003Cdiv\u003Eキーワード検索や複数条件での絞り込みで、探したい情報をすぐ見つけられます。\u003C/div\u003E \u003Cdiv\u003Eまた、データを蓄積するだけでなく、入社人数の推移をみるなどの分析も可能です。\u003C/div\u003E\u003Cdiv\u003E\u003Cdiv\u003E※開発者向けコミュニティ「cybozu.com developer network」で公開している JavaScript サンプルコードを読み込むことで、\u003C/div\u003E\u003Cdiv\u003E　経過年数の計算・表示が可能です。　&rarr;サンプルは\u003Cb\u003E\u003Ca href=\"https://cybozudev.zendesk.com/hc/ja/articles/202640900\"\u003Eこちら\u003C/a\u003E\u003C/b\u003E\u003C/div\u003E\u003Cdiv\u003E　なお、JavaScript カスタマイズはスタンダードコースでのみ利用できます。　&rarr;価格詳細は\u003Cb\u003E\u003Ca href=\"https://kintone.cybozu.com/jp/price/\"\u003Eこちら\u003C/a\u003E\u003C/b\u003E\u003C/div\u003E\u003C/div\u003E","enableBulkDeletion":"false","fiscalYearStartMonth":"4","iconKey":"APP89","iconType":"PRESET","jsFiles":null,"jsScope":"ALL","name":"社員名簿","roundingMode":"HALF_EVEN","theme":"TASK","titleComponentLocalId":null,"useComment":"true","useHistory":"true","useThumbnail":"true"},"jsFiles":[],"notification":{"appNotifications":[{"events":["RECORD_COMMENT_ADDED"],"target":{"entityId":"2224","entityType":"FIELD_ENTITY","includeSubs":"false"}},{"events":["RECORD_COMMENT_ADDED"],"target":{"entityId":"2225","entityType":"FIELD_ENTITY","includeSubs":"false"}}],"recordNotifications":[],"reminderTimezone":null,"reminders":[],"useComment":"true","useReminder":"false"},"plugin":{"pluginIds":[]},"reports":[],"resource":{"tables":[{"rows":[{"fields":[],"objectId":"0","subObjectId":"-1"}],"type":"AppName"},{"rows":[{"fields":[],"objectId":"2223","subObjectId":"-1"},{"fields":[],"objectId":"2224","subObjectId":"-1"},{"fields":[],"objectId":"2225","subObjectId":"-1"},{"fields":[],"objectId":"2226","subObjectId":"-1"},{"fields":[],"objectId":"2227","subObjectId":"-1"},{"fields":[],"objectId":"2228","subObjectId":"-1"},{"fields":[],"objectId":"2229","subObjectId":"-1"},{"fields":[],"objectId":"2230","subObjectId":"-1"},{"fields":[],"objectId":"2235","subObjectId":"-1"},{"fields":[],"objectId":"2236","subObjectId":"-1"},{"fields":[],"objectId":"2237","subObjectId":"-1"},{"fields":[],"objectId":"2238","subObjectId":"-1"},{"fields":[],"objectId":"2239","subObjectId":"-1"},{"fields":[],"objectId":"2239","subObjectId":"2231"},{"fields":[],"objectId":"2239","subObjectId":"2232"},{"fields":[],"objectId":"2240","subObjectId":"-1"},{"fields":[],"objectId":"2241","subObjectId":"-1"},{"fields":[],"objectId":"2242","subObjectId":"-1"},{"fields":[],"objectId":"2245","subObjectId":"-1"},{"fields":[],"objectId":"2233","subObjectId":"-1"},{"fields":[],"objectId":"2234","subObjectId":"-1"},{"fields":[],"objectId":"5113803","subObjectId":"-1"},{"fields":[],"objectId":"5113804","subObjectId":"-1"}],"type":"FieldLabel"},{"rows":[{"fields":[],"objectId":"2247","subObjectId":"-1"},{"fields":[],"objectId":"20","subObjectId":"-1"}],"type":"ViewName"},{"rows":[{"fields":[],"objectId":"0","subObjectId":"-1"}],"type":"AppDescription"}]},"schema":{"groups":[],"revision":null,"subTable":{"2245":{"fieldList":{"2233":{"id":"2233","label":"日付","properties":{"defaultExpression":"NOW","defaultValue":null,"noLabel":"false","required":"false","unique":"false"},"type":"DATE","var":"日付_1"},"2234":{"id":"2234","label":"配属・異動内容","properties":{"defaultValue":"","expression":"","hideExpression":"false","max":null,"min":null,"noLabel":"false","required":"false","unique":"false"},"type":"SINGLE_LINE_TEXT","var":"文字列__1行__7"}},"id":"2245","label":"配属・異動","var":"配属・異動"}},"table":{"fieldList":{"2223":{"id":"2223","label":"レコード番号","properties":{"noLabel":"false","required":"true"},"type":"RECORD_ID","var":"レコード番号"},"2224":{"id":"2224","label":"更新者","properties":{"noLabel":"false","required":"true"},"type":"MODIFIER","var":"更新者"},"2225":{"id":"2225","label":"作成者","properties":{"noLabel":"false","required":"true"},"type":"CREATOR","var":"作成者"},"2226":{"id":"2226","label":"更新日時","properties":{"noLabel":"false","required":"true"},"type":"MODIFIED_AT","var":"更新日時"},"2227":{"id":"2227","label":"作成日時","properties":{"noLabel":"false","required":"true"},"type":"CREATED_AT","var":"作成日時"},"2228":{"id":"2228","label":"ステータス","properties":{"noLabel":"false","required":"false"},"type":"STATUS","var":"ステータス"},"2229":{"id":"2229","label":"作業者","properties":{"noLabel":"false","required":"false"},"type":"STATUS_ASSIGNEE","var":"作業者"},"2230":{"id":"2230","label":"カテゴリー","properties":{"noLabel":"false","required":"false"},"type":"CATEGORY","var":"カテゴリー"},"2235":{"id":"2235","label":"社員番号","properties":{"defaultValue":"","expression":"","hideExpression":"false","max":null,"min":null,"noLabel":"false","required":"false","unique":"false"},"type":"SINGLE_LINE_TEXT","var":"文字列__1行_"},"2236":{"id":"2236","label":"氏名","properties":{"defaultValue":"","expression":"","hideExpression":"false","max":null,"min":null,"noLabel":"false","required":"false","unique":"false"},"type":"SINGLE_LINE_TEXT","var":"文字列__1行__1"},"2237":{"id":"2237","label":"ふりがな","properties":{"defaultValue":"","expression":"","hideExpression":"false","max":null,"min":null,"noLabel":"false","required":"false","unique":"false"},"type":"SINGLE_LINE_TEXT","var":"文字列__1行__2"},"2238":{"id":"2238","label":"生年月日","properties":{"defaultExpression":null,"defaultValue":null,"noLabel":"false","required":"false","unique":"false"},"type":"DATE","var":"BirthDay"},"2239":{"id":"2239","label":"性別","properties":{"defaultValue":"2231","noLabel":"false","options":[{"id":"2231","label":"男","valid":true},{"id":"2232","label":"女","valid":true}],"required":"true"},"type":"SINGLE_CHECK","var":"ラジオボタン"},"2240":{"id":"2240","label":"入社年月日","properties":{"defaultExpression":null,"defaultValue":null,"noLabel":"false","required":"false","unique":"false"},"type":"DATE","var":"JoiningDate"},"2241":{"id":"2241","label":"郵便番号","properties":{"defaultValue":"","expression":"","hideExpression":"false","max":null,"min":null,"noLabel":"false","required":"false","unique":"false"},"type":"SINGLE_LINE_TEXT","var":"文字列__1行__3"},"2242":{"id":"2242","label":"住所","properties":{"defaultValue":"","expression":"","hideExpression":"false","max":null,"min":null,"noLabel":"false","required":"false","unique":"false"},"type":"SINGLE_LINE_TEXT","var":"文字列__1行__4"},"5113803":{"id":"5113803","label":"TEL","properties":{"defaultValue":"","max":null,"min":null,"noLabel":"false","protocol":"CALL","required":"false","unique":"false"},"type":"LINK","var":"リンク"},"5113804":{"id":"5113804","label":"メールアドレス","properties":{"defaultValue":"","max":null,"min":null,"noLabel":"false","protocol":"MAIL","required":"false","unique":"false"},"type":"LINK","var":"リンク_0"}},"id":"1","label":"__ROOT__","var":"__ROOT__"}},"status":{"actions":[],"filters":[],"initialStateId":null,"states":[],"useStatus":"false"},"uuid":"0ac287a3-446e-4795-bb80-129aaece5962","views":[{"advancedMode":"false","builtinType":null,"fields":[{"row":[{"id":"2235"},{"id":"2236"},{"id":"2237"},{"id":"5113804"},{"id":"5113803"},{"id":"2240"}]}],"filter":{"category":null,"offset":null,"order":["DESC"],"q":null,"size":null,"sort":["f2227"]},"html":null,"keyFieldId":null,"name":"社員一覧","pager":null,"revision":null,"titleFieldId":null,"view":"2247","viewType":"LIST"},{"advancedMode":null,"builtinType":"ALL","fields":[{"row":[{"id":"2223"},{"id":"2235"},{"id":"2236"},{"id":"2237"},{"id":"2238"},{"id":"2239"},{"id":"2240"},{"id":"2241"},{"id":"2242"},{"id":"5113803"},{"id":"5113804"}]}],"filter":{"category":null,"offset":null,"order":[],"q":null,"size":null,"sort":[]},"html":null,"keyFieldId":null,"name":"（すべて）","pager":null,"revision":null,"titleFieldId":null,"view":"20","viewType":"LIST"}]},{"acl":{"app":[],"field":[],"record":[]},"app":null,"category":{"categories":[],"useCategory":"false"},"form":{"layout":"[{\"id\":null,\"type\":\"ROW\",\"isSubTable\":false,\"var\":null,\"controlList\":[{\"isVirtical\":true,\"styleMap\":{\"width\":235,\"height\":56},\"innerComponentSize\":{\"width\":220,\"height\":25},\"type\":\"SINGLE_LINE_TEXT\",\"var\":\"\\u30eb\\u30c3\\u30af\\u30a2\\u30c3\\u30d7_0\",\"label\":\"\\u6c0f\\u540d\"},{\"isVirtical\":true,\"styleMap\":{\"width\":195,\"height\":57},\"innerComponentSize\":{\"width\":180,\"height\":26},\"type\":\"LINK\",\"var\":\"to\",\"label\":\"\\u30e1\\u30fc\\u30eb\\u30a2\\u30c9\\u30ec\\u30b9\"}]},{\"id\":null,\"type\":\"ROW\",\"isSubTable\":false,\"var\":null,\"controlList\":[{\"isVirtical\":true,\"styleMap\":{\"width\":430,\"height\":57},\"innerComponentSize\":{\"width\":415,\"height\":26},\"type\":\"SINGLE_LINE_TEXT\",\"var\":\"subject\",\"label\":\"\\u30bf\\u30a4\\u30c8\\u30eb\"}]},{\"id\":null,\"type\":\"ROW\",\"isSubTable\":false,\"var\":null,\"controlList\":[{\"isVirtical\":true,\"styleMap\":{\"width\":430,\"height\":161},\"innerComponentSize\":{\"width\":415,\"height\":125},\"type\":\"MULTIPLE_LINE_TEXT\",\"var\":\"text\",\"label\":\"\\u30e1\\u30c3\\u30bb\\u30fc\\u30b8\"}]}]","revision":null},"iconMeta":null,"info":{"code":null,"decimalPrecision":"16","decimalScale":"4","description":"SendGrid API を用いた電話メモアプリです。\u003Cdiv\u003EGaroonやサイボウズOfficeの電話メモのように一覧アプリからルックアップしてきたメールアドレスにメールを送信できます。\u003C/div\u003E","enableBulkDeletion":"false","fiscalYearStartMonth":"4","iconKey":"APP72","iconType":"PRESET","jsFiles":null,"jsScope":"ALL","name":"電話メモ","roundingMode":"HALF_EVEN","theme":"ORDER","titleComponentLocalId":null,"useComment":"true","useHistory":"true","useThumbnail":"true"},"jsFiles":[{"jsFileMetas":[{"internalName":null,"locationType":"BLOB","mime":"application/x-javascript","name":"sampleSendGridTemplate.js","url":null}],"jsType":"DESKTOP"}],"notification":{"appNotifications":[{"events":["RECORD_COMMENT_ADDED"],"target":{"entityId":"5093574","entityType":"FIELD_ENTITY","includeSubs":"false"}},{"events":["RECORD_COMMENT_ADDED"],"target":{"entityId":"5093575","entityType":"FIELD_ENTITY","includeSubs":"false"}}],"recordNotifications":[],"reminderTimezone":null,"reminders":[],"useComment":"true","useReminder":"false"},"plugin":{"pluginIds":[]},"reports":[],"resource":{"tables":[{"rows":[{"fields":[],"objectId":"0","subObjectId":"-1"}],"type":"AppName"},{"rows":[{"fields":[],"objectId":"5093573","subObjectId":"-1"},{"fields":[],"objectId":"5093574","subObjectId":"-1"},{"fields":[],"objectId":"5093575","subObjectId":"-1"},{"fields":[],"objectId":"5093576","subObjectId":"-1"},{"fields":[],"objectId":"5093577","subObjectId":"-1"},{"fields":[],"objectId":"5093578","subObjectId":"-1"},{"fields":[],"objectId":"5093579","subObjectId":"-1"},{"fields":[],"objectId":"5093580","subObjectId":"-1"},{"fields":[],"objectId":"5093581","subObjectId":"-1"},{"fields":[],"objectId":"5093582","subObjectId":"-1"},{"fields":[],"objectId":"5093583","subObjectId":"-1"},{"fields":[],"objectId":"5113801","subObjectId":"-1"}],"type":"FieldLabel"},{"rows":[{"fields":[],"objectId":"5093585","subObjectId":"-1"},{"fields":[],"objectId":"20","subObjectId":"-1"}],"type":"ViewName"},{"rows":[{"fields":[],"objectId":"0","subObjectId":"-1"}],"type":"AppDescription"}]},"schema":{"groups":[],"revision":null,"subTable":{},"table":{"fieldList":{"5093573":{"id":"5093573","label":"レコード番号","properties":{"noLabel":"false","required":"true"},"type":"RECORD_ID","var":"レコード番号"},"5093574":{"id":"5093574","label":"更新者","properties":{"noLabel":"false","required":"true"},"type":"MODIFIER","var":"更新者"},"5093575":{"id":"5093575","label":"作成者","properties":{"noLabel":"false","required":"true"},"type":"CREATOR","var":"作成者"},"5093576":{"id":"5093576","label":"更新日時","properties":{"noLabel":"false","required":"true"},"type":"MODIFIED_AT","var":"更新日時"},"5093577":{"id":"5093577","label":"作成日時","properties":{"noLabel":"false","required":"true"},"type":"CREATED_AT","var":"作成日時"},"5093578":{"id":"5093578","label":"ステータス","properties":{"noLabel":"false","required":"false"},"type":"STATUS","var":"ステータス"},"5093579":{"id":"5093579","label":"作業者","properties":{"noLabel":"false","required":"false"},"type":"STATUS_ASSIGNEE","var":"作業者"},"5093580":{"id":"5093580","label":"カテゴリー","properties":{"noLabel":"false","required":"false"},"type":"CATEGORY","var":"カテゴリー"},"5093581":{"id":"5093581","label":"タイトル","properties":{"defaultValue":"","expression":"","hideExpression":"false","max":null,"min":null,"noLabel":"false","required":"false","unique":"false"},"type":"SINGLE_LINE_TEXT","var":"subject"},"5093582":{"id":"5093582","label":"メールアドレス","properties":{"defaultValue":"","max":null,"min":null,"noLabel":"false","protocol":"MAIL","required":"false","unique":"false"},"type":"LINK","var":"to"},"5093583":{"id":"5093583","label":"メッセージ","properties":{"defaultValue":"","noLabel":"false","required":"false"},"type":"MULTIPLE_LINE_TEXT","var":"text"},"5113801":{"id":"5113801","label":"氏名","properties":{"defaultValue":"","expression":"","hideExpression":"false","max":null,"min":null,"noLabel":"false","required":"false","unique":"false"},"type":"SINGLE_LINE_TEXT","var":"ルックアップ_0"}},"id":"1","label":"__ROOT__","var":"__ROOT__"}},"status":{"actions":[],"filters":[],"initialStateId":null,"states":[],"useStatus":"false"},"uuid":"8b3f0404-340e-4da9-9ba2-6afa2ac56f68","views":[{"advancedMode":"false","builtinType":null,"fields":[{"row":[{"id":"5093573"},{"id":"5093577"},{"id":"5093581"},{"id":"5093582"},{"id":"5093583"}]}],"filter":{"category":null,"offset":null,"order":["DESC"],"q":null,"size":null,"sort":["f5093577"]},"html":null,"keyFieldId":null,"name":"デフォルト","pager":null,"revision":null,"titleFieldId":null,"view":"5093585","viewType":"LIST"},{"advancedMode":null,"builtinType":"ALL","fields":[{"row":[{"id":"5093573"},{"id":"5093581"},{"id":"5093582"},{"id":"5093583"},{"id":"5113801"}]}],"filter":{"category":null,"offset":null,"order":[],"q":null,"size":null,"sort":[]},"html":null,"keyFieldId":null,"name":"（すべて）","pager":null,"revision":null,"titleFieldId":null,"view":"20","viewType":"LIST"}]}],"description":"kintone Café 福岡 Vol.3で使うサンプルアプリのパックです。","iconKey":"APP72","iconMeta":null,"iconSrcAppId":"8b3f0404-340e-4da9-9ba2-6afa2ac56f68","iconType":"PRESET","idConversionMap":{"63":"8b3f0404-340e-4da9-9ba2-6afa2ac56f68","62":"0ac287a3-446e-4795-bb80-129aaece5962"},"imagesMeta":[],"lookups":[{"actingAppId":"8b3f0404-340e-4da9-9ba2-6afa2ac56f68","fieldMappings":[{"fieldId":"5093582","targetFieldId":"5113804"}],"keyMapping":{"fieldId":"5113801","targetFieldId":"2236"},"listFields":[],"targetAppId":"0ac287a3-446e-4795-bb80-129aaece5962"}],"name":"kintone-Cafe-Fukuoka-3-pack","references":[],"version":"13"}